job_name,start_time,cpu_usage_percent,memory_gb,dependency_delay_min,runtime_seconds,previous_failures,status
SYNC_JOB_358,3/31/2026 6:51,87,15.51,16,321,3,FAILURE
REPORT_JOB_486,3/9/2026 21:26,26,5.35,3,632,1,FAILURE
LOAD_JOB_38,3/10/2026 5:24,57,8.62,7,596,1,SUCCESS
ETL_JOB_13,2/28/2026 14:48,90,3.17,23,130,3,SUCCESS
ETL_JOB_329,2/15/2026 22:46,77,7.39,15,234,3,FAILURE
LOAD_JOB_280,1/22/2026 20:35,68,7.46,13,710,1,SUCCESS
BATCH_JOB_295,3/29/2026 0:02,24,6.75,18,742,5,SUCCESS
IMPORT_JOB_271,3/1/2026 2:55,20,11.58,13,793,3,FAILURE
BATCH_JOB_126,1/30/2026 9:34,21,10.73,14,279,3,SUCCESS
EXPORT_JOB_303,1/14/2026 16:17,31,3.19,9,429,4,FAILURE
FILE_JOB_234,2/17/2026 8:09,91,3.37,8,157,5,SUCCESS
IMPORT_JOB_332,3/26/2026 4:54,64,5.88,30,580,1,FAILURE
LOAD_JOB_104,3/6/2026 3:39,41,4.84,24,170,2,FAILURE
ETL_JOB_277,1/3/2026 10:55,85,14.6,12,854,1,SUCCESS
LOAD_JOB_204,1/8/2026 4:51,36,15.39,6,249,0,SUCCESS
ETL_JOB_358,2/10/2026 2:45,34,15.46,9,181,1,SUCCESS
LOAD_JOB_269,3/2/2026 2:54,35,3.87,4,765,5,FAILURE
REPORT_JOB_264,3/9/2026 21:03,39,13.09,21,517,0,SUCCESS
BATCH_JOB_395,2/16/2026 13:24,82,15.01,29,626,3,FAILURE
LOAD_JOB_379,3/4/2026 0:48,73,6.96,3,41,5,FAILURE
FILE_JOB_469,3/26/2026 0:56,69,5.95,10,677,3,SUCCESS
REPORT_JOB_419,1/1/2026 0:15,37,2.47,10,70,1,SUCCESS
REPORT_JOB_147,3/28/2026 7:01,36,13.3,22,70,2,FAILURE
LOAD_JOB_338,2/11/2026 18:39,64,5.77,15,209,3,FAILURE
LOAD_JOB_43,1/15/2026 15:16,57,14.33,26,554,1,FAILURE
ETL_JOB_87,3/17/2026 15:35,70,12.49,26,306,2,SUCCESS
LOAD_JOB_471,1/25/2026 23:50,52,11.67,16,242,5,FAILURE
BATCH_JOB_178,2/22/2026 21:57,49,7.59,16,376,4,FAILURE
ETL_JOB_173,3/22/2026 19:17,63,8.86,28,685,1,FAILURE
IMPORT_JOB_379,3/16/2026 23:18,71,4.24,3,150,0,SUCCESS
REPORT_JOB_166,3/21/2026 16:34,81,6.25,13,240,0,SUCCESS
LOAD_JOB_84,3/11/2026 7:35,39,5.35,30,224,0,FAILURE
SYNC_JOB_350,1/19/2026 0:15,54,13.78,23,569,2,FAILURE
FILE_JOB_384,1/6/2026 6:54,83,3.11,23,121,1,FAILURE
LOAD_JOB_12,1/2/2026 21:08,59,11.29,21,424,4,SUCCESS
IMPORT_JOB_325,2/4/2026 10:16,28,15.33,3,95,0,SUCCESS
FILE_JOB_179,2/17/2026 3:41,48,2.85,15,520,3,SUCCESS
EXPORT_JOB_334,3/13/2026 13:26,34,3.17,20,130,4,SUCCESS
BATCH_JOB_126,3/5/2026 17:55,33,15.57,18,800,0,FAILURE
SYNC_JOB_154,3/21/2026 9:27,75,3.93,16,101,2,SUCCESS
FILE_JOB_140,3/18/2026 14:33,26,14.07,11,759,3,FAILURE
BATCH_JOB_472,1/17/2026 9:22,45,4.29,16,618,2,FAILURE
REPORT_JOB_122,1/23/2026 4:26,68,3.76,18,412,5,SUCCESS
EXPORT_JOB_198,1/30/2026 0:41,23,7.56,1,899,3,FAILURE
REPORT_JOB_255,3/26/2026 9:20,56,15.22,17,147,2,FAILURE
SYNC_JOB_200,1/3/2026 4:42,73,1.24,29,213,1,FAILURE
IMPORT_JOB_12,2/24/2026 3:10,60,5.36,1,142,0,SUCCESS
IMPORT_JOB_66,2/7/2026 12:50,92,11.92,6,628,1,SUCCESS
SYNC_JOB_472,3/1/2026 19:36,84,6.67,23,871,3,SUCCESS
EXPORT_JOB_474,1/24/2026 4:44,72,12.81,6,77,1,SUCCESS
ETL_JOB_162,3/23/2026 16:51,30,13.74,27,171,3,SUCCESS
EXPORT_JOB_453,2/25/2026 18:38,24,15.21,6,374,1,SUCCESS
EXPORT_JOB_449,1/6/2026 12:06,51,2.98,10,114,5,FAILURE
ETL_JOB_347,2/22/2026 16:45,29,13.9,22,611,3,SUCCESS
FILE_JOB_12,1/19/2026 20:20,94,3.11,30,81,1,SUCCESS
EXPORT_JOB_10,2/20/2026 15:51,40,9.2,5,610,1,FAILURE
IMPORT_JOB_413,1/28/2026 3:03,95,3.34,23,402,5,FAILURE
SYNC_JOB_488,1/19/2026 8:37,87,15.76,21,553,2,FAILURE
SYNC_JOB_486,2/25/2026 9:00,47,14.18,2,665,0,SUCCESS
EXPORT_JOB_40,2/11/2026 8:14,80,2.87,2,49,5,SUCCESS
IMPORT_JOB_171,2/14/2026 20:41,34,3.66,30,240,4,FAILURE
IMPORT_JOB_134,1/9/2026 17:17,35,3.99,29,571,3,FAILURE
FILE_JOB_344,2/4/2026 21:34,23,7.64,7,93,0,SUCCESS
FILE_JOB_143,2/27/2026 10:23,72,10.47,19,556,1,FAILURE
SYNC_JOB_142,2/14/2026 5:29,22,6.65,15,194,0,SUCCESS
ETL_JOB_175,2/2/2026 19:03,78,13.98,15,381,5,SUCCESS
FILE_JOB_167,2/13/2026 2:46,46,5.19,16,847,4,FAILURE
EXPORT_JOB_237,1/9/2026 13:18,70,4.31,7,747,2,SUCCESS
BATCH_JOB_367,3/17/2026 8:47,27,7.74,18,801,0,FAILURE
BATCH_JOB_457,3/18/2026 17:35,65,5.57,15,720,0,SUCCESS
ETL_JOB_409,1/17/2026 22:28,80,8.46,27,622,0,FAILURE
SYNC_JOB_429,1/9/2026 12:58,82,15.65,0,828,2,FAILURE
IMPORT_JOB_5,3/23/2026 16:18,26,12.77,30,305,2,SUCCESS
LOAD_JOB_391,1/15/2026 13:24,72,14.26,7,92,0,SUCCESS
LOAD_JOB_365,3/17/2026 2:04,67,5.66,10,410,4,SUCCESS
BATCH_JOB_359,3/1/2026 19:21,81,11.8,2,406,0,SUCCESS
IMPORT_JOB_58,2/13/2026 9:18,94,2.66,9,84,3,FAILURE
FILE_JOB_253,3/7/2026 5:20,77,5.31,12,472,3,SUCCESS
ETL_JOB_401,2/12/2026 13:47,80,9.97,0,462,4,FAILURE
BATCH_JOB_3,2/12/2026 1:23,78,7.07,25,228,1,FAILURE
FILE_JOB_103,3/7/2026 6:57,94,5.42,18,688,3,SUCCESS
BATCH_JOB_220,2/20/2026 20:23,32,1.69,25,811,4,SUCCESS
LOAD_JOB_75,3/1/2026 16:38,77,3.28,4,45,5,FAILURE
SYNC_JOB_312,2/6/2026 6:03,61,14.81,3,740,0,SUCCESS
ETL_JOB_258,3/17/2026 20:27,64,6.93,1,306,0,SUCCESS
REPORT_JOB_72,3/28/2026 12:57,88,9.93,9,597,4,FAILURE
IMPORT_JOB_344,1/15/2026 19:07,60,15.06,3,351,3,FAILURE
ETL_JOB_187,1/12/2026 0:41,72,8.49,28,217,4,FAILURE
SYNC_JOB_308,2/5/2026 17:54,88,14.03,28,804,4,FAILURE
ETL_JOB_32,1/3/2026 2:07,78,4.41,29,750,2,FAILURE
EXPORT_JOB_364,3/6/2026 12:31,75,14.43,14,660,0,SUCCESS
BATCH_JOB_424,1/27/2026 6:03,36,7.62,25,110,5,SUCCESS
FILE_JOB_22,1/11/2026 21:26,21,9.7,14,174,3,SUCCESS
EXPORT_JOB_472,1/1/2026 18:46,22,2.45,1,82,2,FAILURE
ETL_JOB_201,3/12/2026 0:16,88,13.96,28,386,4,SUCCESS
EXPORT_JOB_401,2/13/2026 4:48,24,9.14,0,869,0,SUCCESS
IMPORT_JOB_215,2/3/2026 20:47,49,8.2,21,692,1,FAILURE
EXPORT_JOB_131,2/8/2026 9:52,21,4.08,25,726,3,FAILURE
SYNC_JOB_388,1/28/2026 5:48,57,7.3,12,824,0,SUCCESS
FILE_JOB_153,3/13/2026 12:08,34,14.82,22,337,2,FAILURE
REPORT_JOB_447,1/6/2026 10:57,88,1.61,23,789,1,FAILURE
BATCH_JOB_265,1/6/2026 18:37,50,15.49,8,493,2,FAILURE
ETL_JOB_278,2/7/2026 21:31,37,11.46,7,805,5,FAILURE
REPORT_JOB_379,2/16/2026 4:45,35,15.99,6,184,1,SUCCESS
ETL_JOB_302,3/16/2026 4:21,56,5.08,8,539,1,FAILURE
BATCH_JOB_92,1/28/2026 23:32,78,11.39,24,286,5,FAILURE
SYNC_JOB_8,1/3/2026 15:32,76,1.19,2,294,5,SUCCESS
EXPORT_JOB_280,3/10/2026 6:20,73,11.79,18,370,3,FAILURE
SYNC_JOB_209,1/5/2026 5:09,87,7.64,22,437,5,SUCCESS
REPORT_JOB_92,1/14/2026 13:09,52,15.92,4,52,2,SUCCESS
ETL_JOB_498,2/6/2026 9:08,89,1.03,26,338,1,SUCCESS
IMPORT_JOB_282,1/15/2026 9:01,38,3.05,18,735,3,FAILURE
EXPORT_JOB_357,1/18/2026 8:28,33,14.39,29,52,1,FAILURE
REPORT_JOB_159,2/11/2026 10:45,75,12.24,8,96,0,SUCCESS
SYNC_JOB_291,1/29/2026 0:58,33,14.93,25,437,2,FAILURE
IMPORT_JOB_65,1/23/2026 19:06,67,14.65,9,705,0,SUCCESS
REPORT_JOB_16,2/10/2026 5:29,49,11.42,5,62,0,SUCCESS
BATCH_JOB_417,2/27/2026 11:21,50,13.02,19,655,5,FAILURE
REPORT_JOB_185,1/17/2026 4:46,85,9.78,15,333,5,SUCCESS
EXPORT_JOB_469,3/22/2026 16:46,22,11.81,14,353,1,SUCCESS
LOAD_JOB_245,1/10/2026 21:35,26,12.39,21,750,3,FAILURE
ETL_JOB_424,2/23/2026 20:58,54,9.03,19,345,4,FAILURE
SYNC_JOB_393,1/21/2026 1:03,64,2.43,24,117,5,SUCCESS
SYNC_JOB_408,2/24/2026 14:43,49,14.94,8,329,3,SUCCESS
SYNC_JOB_140,1/23/2026 4:13,73,12.42,8,803,4,SUCCESS
EXPORT_JOB_55,1/31/2026 16:49,68,11.18,8,187,3,FAILURE
ETL_JOB_256,2/26/2026 20:16,64,13.95,1,400,3,SUCCESS
BATCH_JOB_113,1/22/2026 22:52,42,4.07,5,479,0,SUCCESS
ETL_JOB_376,3/29/2026 4:46,86,10.36,0,85,0,FAILURE
BATCH_JOB_113,1/29/2026 1:06,92,3.46,24,775,0,SUCCESS
ETL_JOB_32,2/21/2026 13:08,62,12.06,24,161,1,FAILURE
ETL_JOB_242,3/10/2026 0:55,55,12.27,3,487,2,SUCCESS
EXPORT_JOB_297,3/16/2026 1:48,84,15.72,17,587,3,FAILURE
BATCH_JOB_365,3/16/2026 4:06,71,4.64,23,442,5,SUCCESS
REPORT_JOB_51,1/31/2026 20:03,51,8.46,29,250,2,FAILURE
ETL_JOB_133,1/7/2026 18:28,21,9.29,21,227,3,FAILURE
FILE_JOB_152,2/22/2026 14:59,31,9.57,21,53,1,SUCCESS
BATCH_JOB_32,2/10/2026 11:57,35,12.05,27,294,5,FAILURE
ETL_JOB_289,1/4/2026 19:12,73,9.63,15,836,2,SUCCESS
BATCH_JOB_440,2/11/2026 20:40,84,3.66,14,284,5,SUCCESS
FILE_JOB_360,3/31/2026 7:39,20,13.89,5,768,5,SUCCESS
ETL_JOB_266,3/31/2026 5:42,41,14.73,25,209,4,FAILURE
LOAD_JOB_281,1/17/2026 21:55,62,6.25,1,131,4,SUCCESS
SYNC_JOB_439,2/13/2026 7:51,67,11.12,17,115,4,SUCCESS
BATCH_JOB_438,2/19/2026 9:16,86,13.38,6,791,1,FAILURE
REPORT_JOB_468,2/4/2026 7:49,87,10.79,30,472,2,FAILURE
LOAD_JOB_287,2/12/2026 23:22,80,8.14,25,106,2,SUCCESS
FILE_JOB_473,3/2/2026 13:16,39,13.68,22,837,1,FAILURE
IMPORT_JOB_381,1/28/2026 9:10,34,4.31,27,129,0,SUCCESS
SYNC_JOB_366,2/2/2026 20:42,75,1.72,23,681,2,SUCCESS
LOAD_JOB_495,3/29/2026 23:32,67,15.2,2,639,5,SUCCESS
EXPORT_JOB_134,1/2/2026 9:39,52,9.4,12,641,3,FAILURE
SYNC_JOB_227,1/9/2026 13:30,30,9.85,14,787,4,FAILURE
FILE_JOB_101,3/10/2026 15:09,73,1.94,11,848,2,SUCCESS
IMPORT_JOB_3,2/22/2026 1:17,82,3.42,13,71,4,FAILURE
IMPORT_JOB_42,2/22/2026 21:31,75,6,13,281,1,SUCCESS
ETL_JOB_114,3/22/2026 23:55,85,9.88,10,322,2,SUCCESS
ETL_JOB_85,1/10/2026 19:35,26,10.75,30,102,2,SUCCESS
BATCH_JOB_222,1/6/2026 7:48,20,15.17,12,762,3,SUCCESS
FILE_JOB_168,1/27/2026 9:25,61,15.93,8,469,4,SUCCESS
ETL_JOB_59,3/22/2026 3:27,42,1.36,16,334,2,FAILURE
BATCH_JOB_72,1/18/2026 10:23,48,13.9,15,542,4,FAILURE
FILE_JOB_498,1/1/2026 1:54,86,3.56,24,591,1,FAILURE
LOAD_JOB_354,2/26/2026 13:35,68,2.71,14,227,0,SUCCESS
BATCH_JOB_274,3/25/2026 20:46,50,2.48,17,633,5,FAILURE
SYNC_JOB_286,2/10/2026 3:51,65,14.38,9,64,0,SUCCESS
LOAD_JOB_462,3/27/2026 3:16,66,2.09,9,369,4,FAILURE
REPORT_JOB_405,1/3/2026 1:52,82,3.84,10,773,0,SUCCESS
EXPORT_JOB_307,1/20/2026 1:52,23,8.75,25,334,4,SUCCESS
REPORT_JOB_23,3/6/2026 13:19,25,11.12,18,773,2,SUCCESS
SYNC_JOB_261,3/6/2026 20:31,25,13.23,2,235,5,FAILURE
EXPORT_JOB_121,3/16/2026 16:53,55,11.41,19,62,2,FAILURE
ETL_JOB_456,3/31/2026 13:53,65,5.33,12,107,5,FAILURE
FILE_JOB_308,2/1/2026 15:34,55,4.98,10,838,2,SUCCESS
EXPORT_JOB_205,1/1/2026 3:41,80,4.89,1,580,1,SUCCESS
FILE_JOB_350,3/6/2026 14:30,94,8.4,21,630,2,FAILURE
BATCH_JOB_455,3/31/2026 2:18,57,13.56,11,636,4,FAILURE
REPORT_JOB_10,3/31/2026 0:27,50,15.4,22,864,0,FAILURE
SYNC_JOB_141,2/28/2026 19:12,88,7.82,28,261,1,FAILURE
REPORT_JOB_133,3/9/2026 21:22,36,15.68,25,492,3,FAILURE
REPORT_JOB_470,1/3/2026 9:42,67,13.7,7,596,3,SUCCESS
LOAD_JOB_98,2/4/2026 0:50,80,14.55,10,361,1,SUCCESS
IMPORT_JOB_407,3/7/2026 20:38,28,6.2,27,616,3,FAILURE
FILE_JOB_215,3/1/2026 2:06,90,7.82,8,181,5,FAILURE
EXPORT_JOB_68,2/19/2026 0:26,95,11.58,16,843,4,SUCCESS
EXPORT_JOB_329,2/28/2026 15:48,47,5.08,1,706,4,SUCCESS
IMPORT_JOB_122,3/22/2026 8:15,38,12.64,27,371,5,FAILURE
FILE_JOB_18,2/5/2026 8:50,89,6.97,18,750,5,FAILURE
REPORT_JOB_214,3/24/2026 23:22,65,12.66,6,179,3,FAILURE
IMPORT_JOB_232,1/8/2026 4:12,56,15.22,23,674,1,SUCCESS
IMPORT_JOB_228,3/3/2026 16:19,90,12.41,13,801,2,SUCCESS
LOAD_JOB_429,3/19/2026 8:02,56,11.02,11,162,5,FAILURE
SYNC_JOB_227,3/14/2026 2:43,91,10.06,13,249,3,FAILURE
IMPORT_JOB_55,2/19/2026 18:53,42,9.15,15,717,0,SUCCESS
LOAD_JOB_47,2/10/2026 3:28,25,14.8,3,812,5,SUCCESS
ETL_JOB_99,1/17/2026 20:02,70,7.72,6,229,0,SUCCESS
EXPORT_JOB_462,2/15/2026 7:21,70,13.75,18,621,2,FAILURE
ETL_JOB_95,2/19/2026 9:52,39,13.32,20,635,3,FAILURE
EXPORT_JOB_499,2/24/2026 19:53,27,8.25,3,807,0,SUCCESS
ETL_JOB_236,1/6/2026 20:26,87,11.48,15,648,2,FAILURE
ETL_JOB_483,3/22/2026 7:30,28,3.38,25,232,5,FAILURE
REPORT_JOB_139,1/23/2026 1:02,56,3.18,23,602,2,SUCCESS
REPORT_JOB_337,2/23/2026 17:13,70,12.16,21,165,2,FAILURE
FILE_JOB_287,1/28/2026 12:50,50,13.13,14,492,1,SUCCESS
ETL_JOB_457,2/22/2026 11:51,58,15.32,13,746,1,SUCCESS
BATCH_JOB_206,1/25/2026 14:21,39,13.76,10,284,3,SUCCESS
REPORT_JOB_57,1/29/2026 23:09,93,11.04,10,882,5,FAILURE
LOAD_JOB_89,3/27/2026 8:04,65,7.76,3,824,4,FAILURE
EXPORT_JOB_212,2/11/2026 3:02,84,14.19,9,186,2,SUCCESS
REPORT_JOB_378,3/13/2026 5:21,43,8.03,24,131,2,SUCCESS
BATCH_JOB_86,1/31/2026 3:19,34,5.66,10,307,1,SUCCESS
IMPORT_JOB_105,3/26/2026 5:32,94,15.58,19,554,1,SUCCESS
FILE_JOB_307,3/4/2026 18:02,51,10.72,6,130,0,SUCCESS
IMPORT_JOB_19,1/2/2026 17:08,36,15.63,15,821,4,FAILURE
SYNC_JOB_270,1/29/2026 1:03,30,8.08,25,867,3,FAILURE
EXPORT_JOB_261,3/1/2026 2:02,47,6.84,14,879,2,SUCCESS
SYNC_JOB_404,3/22/2026 21:35,34,1.42,5,55,5,SUCCESS
BATCH_JOB_123,2/7/2026 0:07,21,10.91,16,404,5,SUCCESS
REPORT_JOB_109,3/11/2026 18:38,28,11.76,22,259,1,SUCCESS
BATCH_JOB_80,2/6/2026 15:01,78,10.24,26,307,4,FAILURE
SYNC_JOB_497,2/3/2026 5:19,65,15.54,15,348,0,SUCCESS
EXPORT_JOB_264,2/23/2026 19:50,79,2.99,1,836,1,SUCCESS
IMPORT_JOB_413,2/17/2026 23:19,53,5.82,9,809,1,SUCCESS
REPORT_JOB_196,2/27/2026 9:56,53,2.51,8,740,3,SUCCESS
SYNC_JOB_275,3/16/2026 5:57,82,11.9,24,809,2,FAILURE
ETL_JOB_261,3/4/2026 3:16,75,7.21,16,826,3,SUCCESS
ETL_JOB_393,3/7/2026 19:59,66,7.39,7,451,3,FAILURE
ETL_JOB_157,3/18/2026 3:37,73,10.94,2,564,4,FAILURE
EXPORT_JOB_355,3/12/2026 11:53,41,6.35,12,765,2,SUCCESS
LOAD_JOB_247,3/11/2026 4:07,40,6.96,16,515,4,SUCCESS
FILE_JOB_216,1/5/2026 18:47,56,9.63,8,566,1,SUCCESS
REPORT_JOB_475,1/14/2026 10:02,65,8.95,11,250,1,SUCCESS
LOAD_JOB_318,3/22/2026 0:55,89,10.82,23,681,0,FAILURE
IMPORT_JOB_371,1/10/2026 9:11,72,6.49,2,515,1,SUCCESS
SYNC_JOB_409,3/16/2026 21:08,86,11.62,25,259,2,FAILURE
IMPORT_JOB_106,2/5/2026 18:00,80,3.47,28,122,0,SUCCESS
REPORT_JOB_413,1/14/2026 17:49,21,11.55,16,376,5,FAILURE
EXPORT_JOB_366,2/17/2026 4:49,78,12.36,25,340,3,FAILURE
FILE_JOB_88,3/1/2026 12:46,78,1.59,24,354,2,FAILURE
BATCH_JOB_18,3/22/2026 17:58,42,2.23,0,59,5,FAILURE
FILE_JOB_281,3/5/2026 17:15,25,15.83,16,317,1,FAILURE
IMPORT_JOB_479,2/16/2026 14:33,64,1.61,3,225,3,FAILURE
LOAD_JOB_299,3/9/2026 17:17,63,1.65,0,71,0,SUCCESS
LOAD_JOB_143,3/27/2026 10:58,83,13.26,17,397,5,FAILURE
SYNC_JOB_436,2/7/2026 0:19,63,2.13,16,647,0,SUCCESS
IMPORT_JOB_189,3/28/2026 2:03,84,12.92,14,547,4,SUCCESS
FILE_JOB_366,3/11/2026 11:05,60,12.14,14,366,3,FAILURE
LOAD_JOB_61,1/28/2026 23:17,65,6.31,30,34,0,FAILURE
FILE_JOB_407,1/23/2026 9:12,42,4.91,9,90,2,SUCCESS
EXPORT_JOB_139,3/10/2026 15:35,80,5.47,16,647,2,FAILURE
FILE_JOB_446,2/24/2026 4:30,67,7.55,11,96,2,SUCCESS
LOAD_JOB_16,3/1/2026 10:38,70,2.37,26,823,2,SUCCESS
IMPORT_JOB_108,1/11/2026 9:45,89,4.39,12,87,4,FAILURE
BATCH_JOB_25,1/30/2026 4:28,43,15.16,21,91,5,SUCCESS
FILE_JOB_479,2/8/2026 0:35,72,7.01,15,219,2,SUCCESS
SYNC_JOB_358,3/21/2026 10:16,48,3.49,7,50,4,SUCCESS
REPORT_JOB_275,2/1/2026 19:42,94,15.1,24,503,5,FAILURE
BATCH_JOB_479,2/1/2026 4:07,68,8.9,30,407,5,FAILURE
SYNC_JOB_405,2/17/2026 19:03,26,12.76,24,726,3,FAILURE
ETL_JOB_380,1/26/2026 6:14,85,3.77,25,458,2,SUCCESS
SYNC_JOB_195,3/26/2026 4:49,37,14.94,27,260,1,SUCCESS
EXPORT_JOB_85,2/2/2026 22:12,29,7.04,13,342,2,SUCCESS
SYNC_JOB_213,1/17/2026 16:42,45,10.85,13,613,5,FAILURE
FILE_JOB_358,3/14/2026 12:15,45,1.18,15,270,4,SUCCESS
REPORT_JOB_358,2/9/2026 15:20,31,4.97,28,659,5,FAILURE
BATCH_JOB_49,1/11/2026 20:37,94,4.62,13,632,4,SUCCESS
LOAD_JOB_395,1/5/2026 20:14,55,5.91,20,803,3,SUCCESS
FILE_JOB_288,2/8/2026 12:22,75,15.11,20,282,0,SUCCESS
LOAD_JOB_175,3/3/2026 20:46,75,11.79,25,684,0,FAILURE
IMPORT_JOB_476,1/6/2026 11:37,61,1.14,7,366,0,SUCCESS
ETL_JOB_272,3/30/2026 4:14,40,3.46,20,821,0,SUCCESS
REPORT_JOB_108,3/24/2026 12:16,56,5.26,28,162,5,FAILURE
REPORT_JOB_358,2/18/2026 17:28,32,9.71,10,230,3,FAILURE
LOAD_JOB_64,2/24/2026 0:41,24,8.5,17,645,4,SUCCESS
LOAD_JOB_135,1/8/2026 17:16,95,14.24,19,794,2,FAILURE
LOAD_JOB_48,3/4/2026 19:04,27,7.8,30,495,5,SUCCESS
SYNC_JOB_58,3/13/2026 23:38,30,11.72,6,727,3,FAILURE
EXPORT_JOB_492,2/3/2026 6:59,28,2.68,13,392,0,SUCCESS
BATCH_JOB_353,3/9/2026 11:00,90,13.59,23,293,0,SUCCESS
ETL_JOB_152,1/11/2026 22:14,93,4.16,5,308,1,FAILURE
REPORT_JOB_381,1/1/2026 10:36,94,1.69,26,443,2,FAILURE
IMPORT_JOB_113,3/21/2026 20:05,88,6.91,25,304,0,SUCCESS
BATCH_JOB_439,1/30/2026 1:42,44,5.66,23,877,4,FAILURE
FILE_JOB_185,2/15/2026 11:59,27,8.96,4,581,1,SUCCESS
REPORT_JOB_462,1/27/2026 17:20,22,14.82,8,536,3,FAILURE
ETL_JOB_440,1/1/2026 5:02,69,15.55,1,444,0,SUCCESS
FILE_JOB_14,3/28/2026 5:31,53,5.31,26,452,2,SUCCESS
IMPORT_JOB_256,3/27/2026 3:49,92,7.43,10,775,0,FAILURE
ETL_JOB_235,2/12/2026 23:55,90,5.93,26,536,0,FAILURE
FILE_JOB_437,2/13/2026 6:24,77,2.69,5,785,5,SUCCESS
EXPORT_JOB_344,1/20/2026 9:26,78,12.35,2,197,2,SUCCESS
REPORT_JOB_433,1/9/2026 4:29,26,10.84,9,576,2,SUCCESS
FILE_JOB_295,1/3/2026 6:11,58,5.73,22,856,2,FAILURE
EXPORT_JOB_228,3/10/2026 1:57,77,8.08,5,168,0,SUCCESS
BATCH_JOB_402,1/2/2026 21:47,78,9.8,26,553,3,FAILURE
ETL_JOB_365,3/2/2026 3:41,77,11.18,21,153,4,FAILURE
BATCH_JOB_277,3/7/2026 13:00,46,15.35,0,396,1,SUCCESS
ETL_JOB_426,2/8/2026 14:31,73,9.6,4,697,0,SUCCESS
BATCH_JOB_337,1/13/2026 10:52,32,14.09,21,247,1,SUCCESS
ETL_JOB_228,2/21/2026 13:34,91,1.06,30,540,5,FAILURE
ETL_JOB_106,3/20/2026 15:00,47,5.04,19,152,1,SUCCESS
REPORT_JOB_158,1/21/2026 1:32,64,1.73,6,610,2,SUCCESS
ETL_JOB_154,1/12/2026 2:56,24,4.84,19,272,1,SUCCESS
SYNC_JOB_111,2/13/2026 13:21,76,4.02,9,635,1,SUCCESS
IMPORT_JOB_12,2/26/2026 22:37,27,3.4,24,177,4,SUCCESS
SYNC_JOB_85,1/7/2026 7:28,61,4.42,14,189,1,SUCCESS
FILE_JOB_347,1/9/2026 18:39,95,5.4,9,55,0,SUCCESS
SYNC_JOB_407,1/8/2026 14:41,50,2.64,16,389,4,SUCCESS
REPORT_JOB_486,1/14/2026 23:51,80,15.51,0,499,0,SUCCESS
ETL_JOB_113,2/6/2026 23:03,43,10.43,15,640,1,SUCCESS
IMPORT_JOB_131,1/23/2026 0:46,36,12.28,29,552,0,FAILURE
LOAD_JOB_340,3/24/2026 4:00,93,14.33,5,632,3,SUCCESS
ETL_JOB_120,2/13/2026 7:08,61,14.83,4,611,3,FAILURE
BATCH_JOB_313,1/28/2026 8:23,86,12.69,23,415,0,FAILURE
REPORT_JOB_366,2/22/2026 18:37,94,5.03,15,209,5,FAILURE
SYNC_JOB_437,3/16/2026 16:41,32,5.83,14,44,2,SUCCESS
ETL_JOB_379,2/28/2026 4:11,54,3.63,11,202,1,SUCCESS
IMPORT_JOB_465,2/11/2026 23:49,66,7.54,4,657,3,FAILURE
REPORT_JOB_470,3/26/2026 18:41,45,13.4,4,332,1,SUCCESS
REPORT_JOB_92,3/14/2026 3:30,43,11.67,3,514,1,SUCCESS
SYNC_JOB_434,1/18/2026 11:45,40,9.71,23,662,2,FAILURE
LOAD_JOB_229,2/22/2026 2:09,36,4.67,11,255,1,SUCCESS
LOAD_JOB_327,2/9/2026 8:46,31,9.81,19,476,4,SUCCESS
ETL_JOB_469,2/16/2026 9:45,29,5.3,7,203,2,SUCCESS
EXPORT_JOB_93,3/6/2026 9:55,83,14.76,26,859,0,SUCCESS
EXPORT_JOB_205,3/27/2026 18:36,49,13.84,30,443,2,FAILURE
FILE_JOB_427,2/2/2026 18:47,79,6.84,29,477,0,FAILURE
SYNC_JOB_481,3/1/2026 3:59,69,8.93,16,610,4,FAILURE
ETL_JOB_331,3/27/2026 3:47,21,2.3,10,142,4,FAILURE
IMPORT_JOB_479,1/9/2026 14:29,71,5.09,23,771,0,FAILURE
REPORT_JOB_10,2/24/2026 15:38,44,2.92,6,209,2,SUCCESS
EXPORT_JOB_288,3/27/2026 23:02,87,5.77,11,663,4,FAILURE
REPORT_JOB_85,3/16/2026 23:53,48,6.08,15,228,5,FAILURE
ETL_JOB_437,3/21/2026 19:08,48,8.51,16,120,0,FAILURE
IMPORT_JOB_38,2/11/2026 4:34,75,4.23,8,294,5,FAILURE
IMPORT_JOB_308,2/9/2026 22:31,70,1.34,5,628,1,SUCCESS
REPORT_JOB_462,3/8/2026 21:03,75,1.07,8,628,0,FAILURE
LOAD_JOB_314,1/31/2026 20:09,40,15,3,733,4,FAILURE
IMPORT_JOB_478,1/25/2026 7:48,68,9.3,20,498,2,FAILURE
REPORT_JOB_99,1/30/2026 5:52,21,10.49,2,493,1,SUCCESS
SYNC_JOB_473,2/19/2026 6:43,36,2.85,19,682,2,SUCCESS
IMPORT_JOB_181,2/17/2026 23:01,23,6.88,21,462,0,SUCCESS
IMPORT_JOB_499,3/1/2026 23:06,61,13.18,21,232,5,SUCCESS
IMPORT_JOB_468,3/19/2026 0:55,32,12.97,23,770,4,FAILURE
ETL_JOB_61,2/10/2026 8:53,79,10.13,1,664,2,SUCCESS
BATCH_JOB_305,3/14/2026 10:42,90,2.64,25,154,1,SUCCESS
ETL_JOB_257,3/22/2026 17:58,33,1.11,23,82,5,SUCCESS
SYNC_JOB_85,3/21/2026 23:44,55,4.48,28,561,4,SUCCESS
BATCH_JOB_476,2/5/2026 17:59,91,12.01,5,842,5,SUCCESS
EXPORT_JOB_3,3/27/2026 7:33,49,11.18,11,481,3,FAILURE
SYNC_JOB_439,3/19/2026 22:19,81,6.54,5,235,4,FAILURE
FILE_JOB_97,2/1/2026 15:11,73,14.27,4,547,0,FAILURE
ETL_JOB_58,3/19/2026 14:55,25,8.74,8,183,3,SUCCESS
IMPORT_JOB_203,1/29/2026 9:38,94,3.1,23,30,2,FAILURE
FILE_JOB_71,3/17/2026 0:43,94,3.74,21,445,2,SUCCESS
LOAD_JOB_250,1/17/2026 17:54,61,8.36,27,601,0,SUCCESS
REPORT_JOB_106,2/14/2026 6:45,49,2.97,11,50,5,FAILURE
BATCH_JOB_19,1/4/2026 4:12,44,3.54,13,137,0,FAILURE
FILE_JOB_94,3/31/2026 20:22,53,12.15,21,191,5,SUCCESS
SYNC_JOB_368,1/21/2026 9:05,87,13.71,17,586,5,FAILURE
ETL_JOB_279,1/25/2026 12:38,48,7.01,2,317,0,SUCCESS
ETL_JOB_230,2/5/2026 19:01,52,10.8,14,745,3,SUCCESS
SYNC_JOB_305,2/18/2026 4:47,30,9.85,21,579,3,FAILURE
FILE_JOB_445,3/22/2026 8:43,28,2.25,20,329,3,SUCCESS
LOAD_JOB_87,2/24/2026 18:53,50,11.53,27,758,4,FAILURE
IMPORT_JOB_341,1/11/2026 0:29,35,2.95,28,580,0,SUCCESS
ETL_JOB_262,3/17/2026 16:36,61,8.95,4,353,4,FAILURE
ETL_JOB_294,1/15/2026 13:08,91,9.91,16,205,1,FAILURE
SYNC_JOB_104,2/6/2026 9:47,51,11.26,4,352,0,SUCCESS
LOAD_JOB_312,1/9/2026 2:52,20,8.04,9,510,5,FAILURE
LOAD_JOB_489,3/20/2026 12:53,69,1.1,28,374,0,FAILURE
FILE_JOB_444,3/21/2026 0:47,89,9.73,25,753,5,SUCCESS
FILE_JOB_400,3/10/2026 21:34,52,14.95,14,800,0,SUCCESS
REPORT_JOB_90,3/6/2026 18:40,66,2.4,16,282,5,FAILURE
FILE_JOB_206,1/21/2026 4:25,45,4.26,29,541,0,FAILURE
FILE_JOB_457,3/29/2026 16:57,28,15.21,7,720,4,FAILURE
FILE_JOB_441,2/15/2026 11:00,39,14.73,1,855,1,SUCCESS
BATCH_JOB_480,3/22/2026 7:01,80,7.71,29,772,0,FAILURE
FILE_JOB_220,2/27/2026 3:09,45,13.85,6,686,3,FAILURE
SYNC_JOB_477,3/6/2026 8:28,72,7.61,21,317,0,SUCCESS
IMPORT_JOB_458,3/24/2026 13:53,64,11.43,9,509,2,FAILURE
EXPORT_JOB_176,2/15/2026 8:03,27,3.21,17,725,5,SUCCESS
EXPORT_JOB_309,2/11/2026 1:06,42,12.51,14,847,0,SUCCESS
LOAD_JOB_169,3/18/2026 9:05,49,9.34,11,423,5,SUCCESS
BATCH_JOB_305,1/5/2026 5:46,45,15.97,20,851,2,FAILURE
IMPORT_JOB_459,2/9/2026 6:49,55,12.13,11,741,2,SUCCESS
REPORT_JOB_152,3/2/2026 1:08,70,8,16,462,1,FAILURE
SYNC_JOB_181,1/25/2026 8:33,81,3.53,27,701,2,SUCCESS
FILE_JOB_320,2/7/2026 19:47,55,9.58,26,317,3,SUCCESS
SYNC_JOB_198,2/17/2026 8:14,38,5.68,0,291,4,FAILURE
ETL_JOB_37,1/28/2026 7:23,43,14.3,12,73,0,SUCCESS
LOAD_JOB_346,2/11/2026 20:37,43,12.73,10,442,4,FAILURE
LOAD_JOB_172,1/21/2026 14:22,91,14.63,0,115,0,FAILURE
FILE_JOB_463,1/7/2026 10:41,77,4.25,18,509,0,SUCCESS
BATCH_JOB_4,3/31/2026 18:54,89,6.67,20,211,4,FAILURE
SYNC_JOB_321,1/21/2026 14:57,78,3.64,20,193,2,FAILURE
ETL_JOB_62,1/13/2026 20:21,70,1.79,13,290,0,SUCCESS
SYNC_JOB_112,3/25/2026 23:28,33,14.69,17,92,3,FAILURE
EXPORT_JOB_374,3/26/2026 5:53,32,8.24,30,719,2,SUCCESS
ETL_JOB_131,1/21/2026 17:21,41,14.62,20,601,5,SUCCESS
FILE_JOB_15,1/10/2026 2:39,73,6.28,12,536,2,SUCCESS
REPORT_JOB_33,1/14/2026 20:16,86,10.33,20,452,4,SUCCESS
LOAD_JOB_263,1/3/2026 0:13,50,12.03,23,106,5,FAILURE
IMPORT_JOB_284,1/4/2026 2:34,31,10.98,28,192,4,FAILURE
REPORT_JOB_246,2/4/2026 22:17,50,10.11,15,221,4,FAILURE
EXPORT_JOB_179,3/8/2026 1:07,89,13.9,11,622,0,FAILURE
BATCH_JOB_80,3/9/2026 9:06,55,4.22,7,515,4,FAILURE
BATCH_JOB_482,3/21/2026 10:00,62,13.61,28,275,1,FAILURE
IMPORT_JOB_256,1/26/2026 19:48,59,11.15,15,171,0,SUCCESS
FILE_JOB_362,3/31/2026 0:52,59,6.11,1,821,1,SUCCESS
SYNC_JOB_405,3/8/2026 23:04,39,1.55,20,111,0,SUCCESS
LOAD_JOB_137,1/21/2026 9:16,55,5.78,27,764,5,SUCCESS
LOAD_JOB_327,1/22/2026 22:49,76,14.94,20,755,4,SUCCESS
SYNC_JOB_488,2/22/2026 23:10,64,9.51,4,732,5,SUCCESS
BATCH_JOB_54,1/17/2026 23:18,54,2.77,0,214,5,FAILURE
EXPORT_JOB_144,3/21/2026 8:51,34,4.91,5,314,1,SUCCESS
REPORT_JOB_247,2/4/2026 20:52,33,14.28,3,480,5,SUCCESS
EXPORT_JOB_12,2/23/2026 18:55,28,15.58,14,822,1,SUCCESS
IMPORT_JOB_269,3/8/2026 22:49,41,5.43,13,689,2,SUCCESS
FILE_JOB_377,1/25/2026 5:03,32,10.55,8,577,2,FAILURE
BATCH_JOB_82,3/6/2026 8:41,46,14.87,14,587,3,FAILURE
IMPORT_JOB_422,3/22/2026 10:40,80,1.58,8,760,4,FAILURE
LOAD_JOB_224,1/20/2026 1:40,74,13.59,19,864,3,SUCCESS
FILE_JOB_260,3/27/2026 8:13,65,9.26,15,877,4,FAILURE
BATCH_JOB_433,3/25/2026 16:37,58,2.59,19,51,2,FAILURE
REPORT_JOB_128,3/1/2026 14:44,67,4.47,19,262,1,FAILURE
LOAD_JOB_156,1/22/2026 0:52,81,1.57,22,453,0,FAILURE
SYNC_JOB_378,1/29/2026 10:27,65,12.2,20,820,2,FAILURE
FILE_JOB_270,3/2/2026 17:03,39,10.25,19,665,0,FAILURE
ETL_JOB_111,1/30/2026 7:27,73,10.53,24,315,0,FAILURE
REPORT_JOB_129,2/14/2026 0:15,63,14.97,12,702,0,SUCCESS
REPORT_JOB_149,3/2/2026 23:01,88,9.18,20,247,1,SUCCESS
LOAD_JOB_155,3/21/2026 10:42,26,4.02,27,865,2,FAILURE
EXPORT_JOB_378,1/13/2026 7:31,28,3.54,27,741,4,FAILURE
LOAD_JOB_317,1/29/2026 9:27,34,8.16,3,49,1,SUCCESS
LOAD_JOB_120,2/17/2026 12:28,60,11.93,2,301,5,SUCCESS
EXPORT_JOB_70,1/5/2026 1:25,92,2.38,1,795,4,FAILURE
IMPORT_JOB_278,1/11/2026 6:30,50,13.31,14,551,3,SUCCESS
FILE_JOB_190,3/24/2026 8:40,25,14.61,17,428,5,SUCCESS
REPORT_JOB_147,1/16/2026 22:24,79,4.73,4,46,2,SUCCESS
REPORT_JOB_323,1/25/2026 16:30,48,1.69,17,188,0,FAILURE
LOAD_JOB_490,3/14/2026 10:27,78,9.22,29,175,1,SUCCESS
ETL_JOB_307,3/26/2026 1:53,70,14.34,3,653,2,SUCCESS
EXPORT_JOB_285,3/9/2026 14:12,40,8.73,25,887,4,FAILURE
EXPORT_JOB_261,2/11/2026 16:46,42,6.5,30,300,0,FAILURE
LOAD_JOB_222,1/13/2026 18:59,74,10.04,26,802,0,FAILURE
SYNC_JOB_254,3/3/2026 23:59,41,12.03,9,541,3,FAILURE
REPORT_JOB_269,2/26/2026 21:00,22,8.82,29,34,5,FAILURE
REPORT_JOB_358,3/28/2026 8:18,49,4.15,12,575,5,FAILURE
FILE_JOB_351,3/6/2026 5:40,21,8.65,23,811,5,FAILURE
LOAD_JOB_37,2/11/2026 2:23,93,5.21,15,37,5,FAILURE
ETL_JOB_69,3/30/2026 9:32,46,10.73,19,294,4,FAILURE
BATCH_JOB_316,3/6/2026 12:43,74,13.29,13,894,5,SUCCESS
LOAD_JOB_457,3/26/2026 13:36,34,6.32,4,885,5,SUCCESS
ETL_JOB_130,1/25/2026 1:04,50,7.09,18,281,4,FAILURE
FILE_JOB_300,1/5/2026 5:23,66,15.28,14,739,3,SUCCESS
EXPORT_JOB_207,3/2/2026 23:56,83,7.21,29,390,3,SUCCESS
ETL_JOB_407,1/27/2026 2:52,71,6.81,15,884,1,SUCCESS
REPORT_JOB_207,2/10/2026 20:46,28,8.4,27,393,4,SUCCESS
LOAD_JOB_72,3/23/2026 9:29,35,15.49,20,232,4,SUCCESS
FILE_JOB_409,2/11/2026 14:17,47,1.26,17,74,1,FAILURE
IMPORT_JOB_218,1/15/2026 23:38,29,11.02,3,479,5,FAILURE
IMPORT_JOB_263,2/6/2026 21:32,63,2.6,8,234,0,FAILURE
BATCH_JOB_303,1/31/2026 22:45,39,1.33,7,414,2,SUCCESS
BATCH_JOB_455,2/1/2026 21:38,34,10.93,13,370,1,SUCCESS
IMPORT_JOB_304,2/4/2026 20:22,92,9.74,18,80,2,FAILURE
REPORT_JOB_399,1/10/2026 23:10,84,3.99,5,186,1,SUCCESS
BATCH_JOB_344,3/26/2026 12:18,92,2.85,0,277,4,SUCCESS
IMPORT_JOB_65,3/19/2026 16:13,74,10.08,24,893,4,FAILURE
ETL_JOB_57,1/16/2026 6:59,87,11.21,24,898,1,FAILURE
FILE_JOB_265,3/2/2026 6:31,38,14.11,9,631,1,SUCCESS
SYNC_JOB_331,3/25/2026 8:28,91,13.65,1,32,3,SUCCESS
EXPORT_JOB_410,2/12/2026 13:57,76,13.67,11,525,3,FAILURE
IMPORT_JOB_363,1/18/2026 15:44,84,1.7,22,685,4,FAILURE
IMPORT_JOB_70,1/24/2026 1:58,20,6.53,23,899,3,FAILURE
FILE_JOB_32,1/20/2026 9:28,63,15.57,10,30,5,SUCCESS
FILE_JOB_190,2/11/2026 9:57,20,10.87,29,398,3,FAILURE
FILE_JOB_41,3/6/2026 18:58,38,4.62,26,489,3,SUCCESS
LOAD_JOB_431,2/12/2026 2:58,80,13.23,8,42,1,SUCCESS
LOAD_JOB_228,2/15/2026 7:28,91,3.41,17,192,4,SUCCESS
EXPORT_JOB_488,2/28/2026 2:14,92,2.87,19,890,5,FAILURE
FILE_JOB_366,1/1/2026 5:55,37,7.64,22,618,5,FAILURE
LOAD_JOB_490,3/30/2026 5:32,54,11.69,11,495,3,FAILURE
EXPORT_JOB_84,3/7/2026 7:45,62,7.81,23,884,1,FAILURE
REPORT_JOB_201,1/10/2026 0:11,73,5.55,8,402,1,SUCCESS
SYNC_JOB_464,3/21/2026 21:25,70,1.77,26,273,4,FAILURE
SYNC_JOB_127,3/30/2026 6:06,28,10.22,20,153,1,SUCCESS
EXPORT_JOB_142,1/26/2026 9:45,24,9.87,5,836,2,SUCCESS
EXPORT_JOB_399,3/19/2026 4:59,60,6.79,18,147,3,FAILURE
EXPORT_JOB_84,2/5/2026 8:40,77,5.39,11,161,5,SUCCESS
LOAD_JOB_100,2/1/2026 15:38,53,4.65,9,692,0,SUCCESS
ETL_JOB_24,1/29/2026 0:32,26,15.05,22,82,4,FAILURE
SYNC_JOB_487,3/25/2026 12:34,30,3.52,26,188,3,FAILURE
IMPORT_JOB_148,3/11/2026 7:36,32,8.87,11,397,5,FAILURE
EXPORT_JOB_453,1/29/2026 9:26,47,11.55,17,593,5,FAILURE
REPORT_JOB_386,1/31/2026 8:03,23,14.25,6,571,5,SUCCESS
SYNC_JOB_425,1/5/2026 4:41,68,3.76,27,725,0,SUCCESS
ETL_JOB_377,1/31/2026 15:02,84,13.82,22,141,1,SUCCESS
IMPORT_JOB_126,3/25/2026 1:01,58,2.82,22,893,4,FAILURE
REPORT_JOB_383,2/1/2026 13:29,45,6.83,13,448,1,SUCCESS
REPORT_JOB_125,2/16/2026 21:02,28,5.79,1,281,5,SUCCESS
EXPORT_JOB_331,3/2/2026 3:44,62,7.6,9,846,3,FAILURE
FILE_JOB_297,2/24/2026 12:57,22,1.41,26,479,1,FAILURE
REPORT_JOB_358,3/18/2026 15:31,50,9.43,1,854,0,SUCCESS
LOAD_JOB_39,2/20/2026 12:12,77,11.04,28,271,4,FAILURE
LOAD_JOB_202,3/9/2026 6:47,40,5.05,1,611,4,FAILURE
BATCH_JOB_198,1/21/2026 12:31,78,4.35,3,320,3,FAILURE
REPORT_JOB_380,3/6/2026 9:14,73,5.18,22,132,5,FAILURE
ETL_JOB_377,2/20/2026 16:26,30,5.85,23,647,4,FAILURE
BATCH_JOB_224,3/17/2026 23:46,58,14.6,11,898,3,FAILURE
EXPORT_JOB_440,2/11/2026 16:00,28,3.08,1,246,4,FAILURE
FILE_JOB_395,1/19/2026 7:21,94,4.95,2,386,4,SUCCESS
BATCH_JOB_73,2/20/2026 1:19,23,1,4,365,0,SUCCESS
IMPORT_JOB_111,3/2/2026 22:53,71,6.3,26,433,3,FAILURE
IMPORT_JOB_178,3/18/2026 20:58,65,5.23,25,126,4,FAILURE
SYNC_JOB_282,2/8/2026 19:06,84,8,9,115,5,SUCCESS
FILE_JOB_236,2/2/2026 18:06,61,3.09,15,463,5,FAILURE
SYNC_JOB_348,1/7/2026 8:23,80,10.23,25,790,4,SUCCESS
BATCH_JOB_420,1/29/2026 14:05,44,9.54,23,852,1,FAILURE
REPORT_JOB_4,1/28/2026 11:03,58,12.85,21,283,3,FAILURE
BATCH_JOB_290,3/18/2026 21:20,23,4.82,25,283,2,FAILURE
SYNC_JOB_479,1/15/2026 1:45,76,12.48,23,796,5,FAILURE
IMPORT_JOB_497,3/6/2026 21:23,58,5.3,0,126,3,SUCCESS
REPORT_JOB_124,3/24/2026 23:32,33,10.83,28,246,2,FAILURE
LOAD_JOB_389,3/27/2026 13:26,62,6.88,11,820,0,SUCCESS
EXPORT_JOB_161,3/4/2026 13:09,21,10.92,24,393,4,SUCCESS
REPORT_JOB_255,1/2/2026 22:24,58,14.47,6,871,4,SUCCESS
FILE_JOB_499,1/28/2026 20:29,45,7.18,13,681,5,FAILURE
EXPORT_JOB_213,2/3/2026 0:41,94,2.52,10,87,1,SUCCESS
BATCH_JOB_95,3/1/2026 15:19,62,10.82,16,158,3,SUCCESS
SYNC_JOB_420,3/14/2026 16:15,94,10.78,5,132,5,SUCCESS
EXPORT_JOB_137,1/12/2026 8:54,72,10.89,21,362,3,FAILURE
REPORT_JOB_317,1/29/2026 2:45,33,8.36,12,224,2,SUCCESS
EXPORT_JOB_305,3/23/2026 22:44,59,12.89,22,883,1,SUCCESS
SYNC_JOB_428,1/21/2026 5:49,84,10.67,26,501,2,FAILURE
SYNC_JOB_210,2/17/2026 12:14,78,8.15,25,208,3,FAILURE
LOAD_JOB_94,2/19/2026 1:18,46,3.94,16,36,0,FAILURE
BATCH_JOB_390,3/3/2026 7:44,55,7.92,25,544,3,FAILURE
REPORT_JOB_200,3/1/2026 6:43,72,11.85,5,481,5,FAILURE
REPORT_JOB_34,2/24/2026 6:55,87,3.13,0,90,2,FAILURE
SYNC_JOB_373,2/22/2026 14:05,86,7.51,0,438,1,FAILURE
SYNC_JOB_307,1/29/2026 22:49,22,3.41,21,112,4,FAILURE
LOAD_JOB_395,1/27/2026 2:38,89,9.22,12,59,3,SUCCESS
SYNC_JOB_387,1/10/2026 17:53,28,2.05,30,35,4,FAILURE
BATCH_JOB_53,1/6/2026 22:13,66,6.48,9,492,4,FAILURE
IMPORT_JOB_22,2/15/2026 11:40,70,3.24,1,817,2,SUCCESS
REPORT_JOB_331,2/23/2026 12:15,43,1.07,21,477,3,FAILURE
LOAD_JOB_10,3/3/2026 1:08,58,8.61,14,492,4,FAILURE
IMPORT_JOB_382,2/16/2026 13:24,87,14.19,8,88,4,FAILURE
LOAD_JOB_494,2/23/2026 3:15,81,5.12,30,323,3,SUCCESS
FILE_JOB_312,2/13/2026 0:14,43,15.24,5,112,2,SUCCESS
SYNC_JOB_424,2/16/2026 6:47,81,8.03,25,294,2,SUCCESS
EXPORT_JOB_52,1/12/2026 4:02,43,2.38,24,353,1,FAILURE
IMPORT_JOB_121,1/27/2026 16:38,85,11.03,14,376,5,SUCCESS
SYNC_JOB_260,2/28/2026 21:55,70,3.17,10,411,2,SUCCESS
BATCH_JOB_259,2/26/2026 0:56,81,14.99,9,682,4,SUCCESS
FILE_JOB_473,2/25/2026 16:29,74,1.53,27,851,3,FAILURE
REPORT_JOB_32,3/11/2026 15:43,54,4.17,29,381,3,FAILURE
LOAD_JOB_466,3/11/2026 18:47,72,9.51,23,470,3,SUCCESS
ETL_JOB_287,2/3/2026 19:22,75,4.17,3,423,5,SUCCESS
IMPORT_JOB_369,3/19/2026 2:10,33,8.13,0,540,5,SUCCESS
EXPORT_JOB_489,1/22/2026 1:01,88,8.18,22,345,4,FAILURE
SYNC_JOB_394,3/14/2026 18:28,92,10.08,24,801,0,SUCCESS
LOAD_JOB_426,3/11/2026 1:08,83,7.99,11,253,2,SUCCESS
IMPORT_JOB_196,2/13/2026 15:23,64,12.65,17,177,0,SUCCESS
LOAD_JOB_41,3/18/2026 16:16,94,3.91,21,241,3,SUCCESS
EXPORT_JOB_493,1/9/2026 23:49,34,11.67,30,146,4,SUCCESS
BATCH_JOB_402,3/16/2026 18:11,57,10.66,24,809,0,SUCCESS
SYNC_JOB_12,3/10/2026 4:58,82,9.99,7,130,4,SUCCESS
EXPORT_JOB_422,1/11/2026 4:50,69,6.65,23,572,2,FAILURE
SYNC_JOB_21,2/13/2026 19:16,24,11.9,17,128,3,FAILURE
REPORT_JOB_244,2/18/2026 17:29,75,1.8,10,130,2,SUCCESS
REPORT_JOB_151,1/15/2026 13:36,67,6.56,14,894,5,FAILURE
SYNC_JOB_150,3/26/2026 11:55,64,3.2,14,495,4,SUCCESS
EXPORT_JOB_167,2/3/2026 22:21,95,12.62,9,829,0,SUCCESS
ETL_JOB_492,1/8/2026 14:18,48,12.4,19,471,5,SUCCESS
EXPORT_JOB_263,1/15/2026 10:57,90,9.67,6,647,0,FAILURE
BATCH_JOB_419,1/4/2026 10:57,37,4.5,13,760,5,FAILURE
SYNC_JOB_83,2/3/2026 1:04,29,8.21,13,640,3,SUCCESS
SYNC_JOB_27,2/23/2026 15:10,29,11.18,23,396,3,SUCCESS
FILE_JOB_334,2/26/2026 19:32,24,10.56,3,477,2,SUCCESS
SYNC_JOB_385,3/19/2026 0:38,63,4.53,27,41,1,FAILURE
EXPORT_JOB_86,1/10/2026 19:05,36,10.09,30,495,2,SUCCESS
EXPORT_JOB_32,3/27/2026 15:47,52,12.66,19,478,3,FAILURE
SYNC_JOB_215,2/10/2026 9:46,30,5.03,13,894,3,FAILURE
ETL_JOB_142,1/23/2026 0:36,78,10.22,16,763,3,SUCCESS
REPORT_JOB_391,1/31/2026 2:26,56,5.22,24,218,4,FAILURE
SYNC_JOB_385,2/14/2026 18:50,95,4.69,20,173,3,FAILURE
REPORT_JOB_322,2/23/2026 21:12,78,1.69,11,381,1,SUCCESS
BATCH_JOB_21,1/30/2026 6:43,60,10.33,2,512,1,SUCCESS
ETL_JOB_485,1/8/2026 16:41,71,10.37,20,685,5,SUCCESS
LOAD_JOB_431,2/4/2026 3:13,89,10.67,25,866,2,SUCCESS
LOAD_JOB_75,1/5/2026 2:56,65,8.46,28,646,5,FAILURE
IMPORT_JOB_311,1/3/2026 9:11,41,10.7,3,242,4,FAILURE
ETL_JOB_239,3/8/2026 9:05,39,5.93,13,210,3,FAILURE
REPORT_JOB_7,3/11/2026 20:59,20,2.77,12,554,0,SUCCESS
IMPORT_JOB_247,1/9/2026 17:37,57,5.88,6,465,0,SUCCESS
ETL_JOB_162,1/13/2026 14:52,31,2.17,13,187,2,SUCCESS
EXPORT_JOB_53,1/24/2026 11:48,42,11,11,667,2,SUCCESS
SYNC_JOB_10,3/28/2026 1:18,58,8.59,5,157,0,SUCCESS
EXPORT_JOB_209,1/23/2026 18:09,46,15.42,1,849,2,SUCCESS
BATCH_JOB_122,3/19/2026 11:25,76,6.29,18,125,2,FAILURE
BATCH_JOB_271,3/28/2026 22:27,34,15.72,4,55,3,SUCCESS
SYNC_JOB_98,3/26/2026 4:06,66,15.28,28,100,5,SUCCESS
REPORT_JOB_188,2/13/2026 23:00,39,10.51,4,331,1,SUCCESS
LOAD_JOB_117,3/9/2026 1:40,91,14.26,26,250,3,SUCCESS
ETL_JOB_153,3/28/2026 23:44,87,3.05,18,80,5,FAILURE
REPORT_JOB_180,3/8/2026 2:51,52,7.43,20,856,2,FAILURE
IMPORT_JOB_121,2/17/2026 15:42,20,1.84,21,80,5,FAILURE
ETL_JOB_150,2/3/2026 13:06,69,11.63,16,87,3,SUCCESS
REPORT_JOB_30,3/23/2026 16:03,31,8.19,24,415,3,FAILURE
SYNC_JOB_8,1/17/2026 23:12,65,14.62,14,95,5,FAILURE
FILE_JOB_43,2/13/2026 12:02,63,13.81,13,148,1,SUCCESS
EXPORT_JOB_146,3/8/2026 9:23,36,5.89,20,811,5,SUCCESS
IMPORT_JOB_349,1/21/2026 12:24,95,3.88,8,778,0,FAILURE
IMPORT_JOB_432,1/9/2026 3:31,27,10.25,27,635,1,SUCCESS
EXPORT_JOB_344,2/17/2026 11:54,78,10.68,2,168,5,FAILURE
REPORT_JOB_118,3/26/2026 5:40,29,10.54,22,859,3,SUCCESS
IMPORT_JOB_486,3/22/2026 7:19,31,13.56,15,303,4,SUCCESS
IMPORT_JOB_19,3/16/2026 3:37,78,11.48,3,825,4,SUCCESS
REPORT_JOB_166,3/15/2026 9:16,90,7.02,11,593,2,FAILURE
EXPORT_JOB_270,1/1/2026 16:29,47,10.41,8,767,1,SUCCESS
BATCH_JOB_301,3/14/2026 3:44,67,15.93,5,124,3,FAILURE
IMPORT_JOB_125,3/3/2026 15:16,75,6.22,28,36,3,SUCCESS
REPORT_JOB_444,3/30/2026 1:48,74,6.8,1,733,1,SUCCESS
SYNC_JOB_8,2/20/2026 7:21,73,9.82,17,852,5,FAILURE
EXPORT_JOB_348,1/25/2026 4:07,20,9.02,2,594,2,SUCCESS
BATCH_JOB_184,2/17/2026 20:27,70,6.66,28,523,1,SUCCESS
ETL_JOB_1,3/24/2026 4:15,43,1.94,0,704,2,SUCCESS
IMPORT_JOB_271,1/20/2026 6:17,70,11.8,10,330,0,SUCCESS
ETL_JOB_75,1/13/2026 7:13,52,9.26,16,358,1,SUCCESS
ETL_JOB_283,1/29/2026 23:53,80,14.89,12,878,3,FAILURE
SYNC_JOB_17,2/20/2026 10:39,68,5.64,1,441,4,FAILURE
LOAD_JOB_8,2/20/2026 11:20,89,9.8,17,35,1,FAILURE
FILE_JOB_112,3/30/2026 6:58,65,15.75,12,138,3,FAILURE
EXPORT_JOB_291,2/20/2026 0:23,58,5.5,5,240,2,SUCCESS
IMPORT_JOB_351,1/30/2026 2:28,83,8.57,12,152,1,SUCCESS
FILE_JOB_379,2/14/2026 7:05,64,14.4,3,257,0,SUCCESS
BATCH_JOB_72,1/6/2026 17:04,92,13.46,18,874,4,SUCCESS
BATCH_JOB_452,2/21/2026 8:22,42,11.57,7,769,3,FAILURE
REPORT_JOB_217,1/10/2026 2:45,37,13.28,27,362,3,FAILURE
SYNC_JOB_36,2/7/2026 8:23,46,4.12,2,53,4,SUCCESS
REPORT_JOB_374,3/24/2026 11:36,45,14.7,18,244,2,FAILURE
LOAD_JOB_323,3/7/2026 7:29,95,15.2,26,76,3,FAILURE
LOAD_JOB_238,1/3/2026 13:16,73,15.86,25,889,0,SUCCESS
LOAD_JOB_146,2/17/2026 2:11,60,11.65,9,104,0,FAILURE
LOAD_JOB_475,3/10/2026 3:47,44,10.04,2,106,4,SUCCESS
LOAD_JOB_385,2/6/2026 1:24,50,14.4,27,726,1,FAILURE
ETL_JOB_125,1/17/2026 17:27,77,11.3,3,735,3,SUCCESS
SYNC_JOB_83,2/18/2026 11:21,73,2.57,29,539,1,SUCCESS
REPORT_JOB_123,1/22/2026 1:53,79,3.3,25,122,0,FAILURE
REPORT_JOB_250,2/23/2026 12:47,79,2.46,4,543,5,SUCCESS
LOAD_JOB_55,2/12/2026 17:33,31,4.83,0,409,4,SUCCESS
EXPORT_JOB_263,2/20/2026 11:28,35,3.46,22,645,4,SUCCESS
ETL_JOB_169,2/3/2026 3:13,26,10.42,4,536,4,FAILURE
FILE_JOB_412,2/25/2026 8:34,75,3.14,8,754,5,FAILURE
ETL_JOB_114,3/16/2026 14:36,21,13.65,21,324,0,SUCCESS
FILE_JOB_337,1/25/2026 23:50,94,13.74,28,311,1,SUCCESS
ETL_JOB_36,1/21/2026 16:54,86,3.18,2,705,3,FAILURE
FILE_JOB_175,2/27/2026 22:40,66,3.37,21,75,3,FAILURE
SYNC_JOB_68,1/30/2026 6:35,88,6.86,1,200,1,FAILURE
REPORT_JOB_466,1/3/2026 5:14,78,4.34,22,700,5,SUCCESS
LOAD_JOB_5,1/4/2026 10:35,60,10.1,12,622,0,SUCCESS
REPORT_JOB_247,1/16/2026 17:04,65,4.2,5,677,2,SUCCESS
IMPORT_JOB_459,3/12/2026 14:27,40,8.65,3,195,4,FAILURE
IMPORT_JOB_309,2/22/2026 2:41,63,1.58,5,875,4,FAILURE
BATCH_JOB_238,2/11/2026 0:40,31,8.32,2,328,1,SUCCESS
IMPORT_JOB_152,1/14/2026 10:00,77,8.72,14,721,2,SUCCESS
BATCH_JOB_287,3/30/2026 17:59,61,2.27,0,897,4,FAILURE
BATCH_JOB_67,2/14/2026 9:26,29,7.18,19,819,4,FAILURE
IMPORT_JOB_373,2/9/2026 11:50,22,9.42,1,185,0,SUCCESS
IMPORT_JOB_475,2/14/2026 4:52,85,6.2,14,323,2,SUCCESS
EXPORT_JOB_137,3/21/2026 5:28,30,7.43,2,688,0,SUCCESS
LOAD_JOB_389,3/6/2026 23:02,86,1.77,12,77,5,SUCCESS
REPORT_JOB_252,3/24/2026 22:56,78,11.03,18,179,2,FAILURE
ETL_JOB_389,2/3/2026 17:31,52,6.76,24,376,4,FAILURE
LOAD_JOB_318,3/28/2026 22:06,51,5.42,19,82,1,SUCCESS
EXPORT_JOB_434,2/12/2026 19:11,39,2.06,10,648,5,SUCCESS
FILE_JOB_54,1/28/2026 2:23,23,6.07,30,334,5,FAILURE
LOAD_JOB_363,3/21/2026 0:44,76,3.79,15,739,4,SUCCESS
ETL_JOB_98,1/30/2026 21:44,27,14.74,30,368,5,FAILURE
REPORT_JOB_277,3/16/2026 21:11,65,13.24,24,302,0,FAILURE
ETL_JOB_423,1/29/2026 16:13,85,15.73,26,866,4,FAILURE
LOAD_JOB_132,2/9/2026 3:34,23,9.25,14,765,5,SUCCESS
ETL_JOB_113,2/5/2026 23:12,55,14.91,2,749,1,SUCCESS
IMPORT_JOB_308,3/4/2026 22:54,39,4.18,7,235,5,FAILURE
FILE_JOB_168,2/20/2026 9:30,47,5.04,5,837,1,SUCCESS
FILE_JOB_421,2/14/2026 19:48,51,13.07,19,805,2,SUCCESS
REPORT_JOB_463,1/5/2026 17:06,39,13.5,1,737,0,SUCCESS
IMPORT_JOB_265,3/12/2026 18:41,69,12.59,23,381,1,FAILURE
REPORT_JOB_337,1/12/2026 12:09,57,5.98,26,791,2,FAILURE
ETL_JOB_354,2/16/2026 21:28,30,4.71,4,451,2,SUCCESS
LOAD_JOB_187,2/19/2026 22:19,83,15.53,11,668,3,FAILURE
BATCH_JOB_302,3/29/2026 22:54,83,9.65,4,567,4,FAILURE
REPORT_JOB_25,2/28/2026 17:15,25,2.9,28,843,5,SUCCESS
REPORT_JOB_295,2/28/2026 13:43,35,6.34,20,678,5,FAILURE
BATCH_JOB_74,1/9/2026 21:36,24,11.73,23,371,2,FAILURE
LOAD_JOB_463,3/30/2026 15:34,57,9.09,23,731,0,SUCCESS
BATCH_JOB_214,1/3/2026 4:02,38,1.04,20,31,0,SUCCESS
SYNC_JOB_185,1/12/2026 9:08,66,9.53,22,613,0,SUCCESS
BATCH_JOB_26,1/18/2026 1:26,89,6.62,25,369,5,FAILURE
SYNC_JOB_16,2/20/2026 19:43,25,15.17,1,593,1,SUCCESS
ETL_JOB_213,2/16/2026 11:26,38,1.99,11,575,5,FAILURE
BATCH_JOB_61,3/9/2026 1:35,71,1.16,1,391,2,SUCCESS
BATCH_JOB_148,2/23/2026 14:23,53,8.37,13,857,5,FAILURE
SYNC_JOB_409,2/14/2026 7:12,50,12.11,2,49,0,SUCCESS
FILE_JOB_404,1/1/2026 19:48,71,3.38,5,712,2,SUCCESS
REPORT_JOB_500,1/1/2026 4:51,41,3.66,12,203,0,SUCCESS
LOAD_JOB_414,3/9/2026 12:14,75,1.17,30,205,2,FAILURE
BATCH_JOB_243,2/26/2026 10:38,94,4.18,28,321,5,SUCCESS
ETL_JOB_492,2/13/2026 9:27,58,12.71,13,828,1,SUCCESS
FILE_JOB_439,1/1/2026 19:38,64,11.85,16,548,5,FAILURE
BATCH_JOB_357,1/9/2026 18:16,30,5.16,3,331,0,SUCCESS
LOAD_JOB_144,3/29/2026 10:10,42,11.65,26,700,3,SUCCESS
FILE_JOB_454,3/3/2026 19:21,92,12,29,608,4,FAILURE
FILE_JOB_34,3/14/2026 13:03,67,14.03,12,687,4,FAILURE
FILE_JOB_157,1/28/2026 8:28,54,7.82,25,297,2,SUCCESS
LOAD_JOB_369,3/4/2026 11:31,21,11.23,17,795,4,FAILURE
LOAD_JOB_65,3/21/2026 23:19,27,7.68,11,644,4,SUCCESS
IMPORT_JOB_293,2/26/2026 18:58,82,3.86,7,387,2,SUCCESS
REPORT_JOB_469,3/6/2026 11:34,93,6.27,26,261,1,FAILURE
ETL_JOB_41,3/3/2026 22:04,37,14.53,5,896,1,SUCCESS
IMPORT_JOB_152,1/8/2026 7:58,71,4.02,1,812,3,SUCCESS
FILE_JOB_249,3/13/2026 10:23,49,4.61,9,107,4,FAILURE
LOAD_JOB_182,2/3/2026 8:06,41,6.72,16,452,1,SUCCESS
IMPORT_JOB_331,3/6/2026 11:13,75,7.66,27,82,1,FAILURE
EXPORT_JOB_300,1/29/2026 14:55,57,3.06,9,489,2,SUCCESS
SYNC_JOB_271,1/8/2026 0:41,21,6.33,27,545,4,FAILURE
FILE_JOB_372,2/26/2026 13:05,72,3.21,19,641,0,SUCCESS
REPORT_JOB_470,1/24/2026 11:21,36,10.77,9,761,2,SUCCESS
FILE_JOB_205,2/11/2026 11:33,84,13.89,21,111,2,FAILURE
FILE_JOB_243,3/14/2026 22:02,45,4.75,20,497,1,SUCCESS
REPORT_JOB_411,2/6/2026 12:13,78,2.02,5,384,0,SUCCESS
REPORT_JOB_291,2/27/2026 3:45,64,15.54,26,586,0,FAILURE
REPORT_JOB_244,2/4/2026 12:57,28,10.76,5,571,1,SUCCESS
FILE_JOB_157,2/23/2026 1:47,45,5.35,5,758,4,SUCCESS
IMPORT_JOB_253,3/7/2026 19:22,89,12.83,8,577,3,FAILURE
BATCH_JOB_394,1/17/2026 7:31,73,12.86,21,333,5,SUCCESS
ETL_JOB_327,1/11/2026 4:06,62,6.6,11,587,1,SUCCESS
REPORT_JOB_307,3/28/2026 14:29,91,8.87,22,197,2,FAILURE
IMPORT_JOB_360,2/3/2026 16:11,90,6.63,25,568,0,FAILURE
SYNC_JOB_330,1/8/2026 14:02,29,12.5,29,698,3,SUCCESS
FILE_JOB_299,2/13/2026 7:12,88,13.3,22,320,4,FAILURE
IMPORT_JOB_409,3/3/2026 21:41,72,8.27,30,321,0,SUCCESS
BATCH_JOB_447,3/28/2026 0:22,31,6.41,27,651,1,FAILURE
SYNC_JOB_490,2/25/2026 5:54,94,14,6,376,1,SUCCESS
BATCH_JOB_499,3/18/2026 17:11,82,11.46,2,786,3,FAILURE
LOAD_JOB_189,2/3/2026 1:17,54,5.53,20,316,1,FAILURE
REPORT_JOB_128,2/19/2026 16:11,42,1.5,16,686,1,SUCCESS
SYNC_JOB_426,2/4/2026 8:10,69,6.21,20,203,5,FAILURE
SYNC_JOB_245,2/23/2026 15:50,77,5.01,0,824,4,FAILURE
SYNC_JOB_1,2/27/2026 22:38,60,11.72,18,492,1,FAILURE
REPORT_JOB_112,3/7/2026 12:24,23,2.26,1,44,5,FAILURE
IMPORT_JOB_196,2/27/2026 22:10,62,6.15,5,144,0,SUCCESS
LOAD_JOB_326,1/4/2026 1:45,21,1.5,5,232,4,FAILURE
REPORT_JOB_357,1/19/2026 21:02,93,12.79,7,543,0,FAILURE
EXPORT_JOB_48,3/13/2026 6:02,63,9.01,11,394,1,SUCCESS
LOAD_JOB_329,1/30/2026 2:50,55,4.92,28,113,2,SUCCESS
IMPORT_JOB_27,1/19/2026 11:15,57,15.67,21,602,0,SUCCESS
IMPORT_JOB_17,3/13/2026 18:37,40,7.48,23,689,1,FAILURE
FILE_JOB_193,3/25/2026 22:36,86,9.14,19,835,5,FAILURE
LOAD_JOB_299,1/18/2026 2:02,67,14.77,18,747,2,SUCCESS
ETL_JOB_195,1/20/2026 3:34,88,1.68,27,738,5,SUCCESS
REPORT_JOB_109,2/5/2026 1:54,70,14.01,14,141,1,SUCCESS
EXPORT_JOB_471,2/13/2026 19:55,91,14.74,24,659,0,FAILURE
LOAD_JOB_339,3/26/2026 19:06,83,6.46,19,489,4,FAILURE
BATCH_JOB_329,1/1/2026 7:17,73,9.45,6,846,3,FAILURE
IMPORT_JOB_448,1/21/2026 14:48,46,9.33,25,342,2,FAILURE
EXPORT_JOB_82,2/10/2026 3:24,91,1.12,4,300,5,FAILURE
EXPORT_JOB_234,2/17/2026 19:57,34,10.04,23,560,3,FAILURE
FILE_JOB_163,3/28/2026 14:31,50,5.19,3,54,5,FAILURE
FILE_JOB_26,3/29/2026 13:49,77,8.83,16,36,5,FAILURE
SYNC_JOB_363,3/28/2026 4:09,26,2.87,30,539,4,SUCCESS
LOAD_JOB_448,3/31/2026 4:39,92,14.33,14,163,4,SUCCESS
IMPORT_JOB_90,1/21/2026 3:22,39,6.36,16,587,2,FAILURE
REPORT_JOB_292,1/10/2026 5:52,81,1.26,15,231,3,FAILURE
LOAD_JOB_376,3/2/2026 21:08,63,4.97,24,754,1,SUCCESS
LOAD_JOB_490,3/4/2026 17:08,60,14.38,11,813,0,SUCCESS
ETL_JOB_151,1/12/2026 8:21,52,15.24,22,368,0,FAILURE
REPORT_JOB_11,1/13/2026 20:51,90,7.85,21,545,2,FAILURE
REPORT_JOB_408,2/21/2026 5:08,20,6.95,4,63,0,SUCCESS
EXPORT_JOB_302,2/28/2026 21:27,84,10.98,16,312,5,SUCCESS
EXPORT_JOB_56,1/28/2026 7:39,27,13.35,19,775,2,FAILURE
EXPORT_JOB_46,2/20/2026 17:33,20,4.55,6,511,2,SUCCESS
IMPORT_JOB_279,1/24/2026 19:39,70,6,23,388,4,FAILURE
LOAD_JOB_400,3/2/2026 0:43,72,3.98,26,214,4,FAILURE
LOAD_JOB_249,2/13/2026 0:39,60,10.47,3,520,4,FAILURE
BATCH_JOB_208,1/16/2026 12:53,70,13.45,10,470,2,FAILURE
FILE_JOB_159,1/27/2026 16:57,25,8.81,0,46,0,FAILURE
EXPORT_JOB_237,1/1/2026 21:50,72,12.02,21,499,4,SUCCESS
FILE_JOB_162,2/2/2026 5:35,48,11.65,1,83,3,SUCCESS
REPORT_JOB_211,1/23/2026 23:49,20,3.13,29,491,1,FAILURE
EXPORT_JOB_43,2/16/2026 6:27,53,3.47,12,652,1,SUCCESS
REPORT_JOB_239,1/24/2026 20:23,46,5.23,15,883,3,SUCCESS
LOAD_JOB_176,3/1/2026 9:37,70,13.69,25,467,4,SUCCESS
ETL_JOB_343,2/13/2026 18:15,48,13.35,15,316,3,FAILURE
IMPORT_JOB_419,1/15/2026 22:13,41,15.97,18,662,0,FAILURE
IMPORT_JOB_46,1/16/2026 19:27,46,5.58,6,607,5,FAILURE
FILE_JOB_158,3/31/2026 1:57,37,13.47,12,402,2,SUCCESS
BATCH_JOB_224,1/31/2026 0:23,46,4.43,23,76,0,FAILURE
BATCH_JOB_411,1/11/2026 23:19,42,10.12,9,736,4,FAILURE
REPORT_JOB_238,3/4/2026 12:04,91,15.79,25,250,3,SUCCESS
FILE_JOB_417,2/18/2026 0:29,84,12.18,26,592,2,SUCCESS
LOAD_JOB_66,3/10/2026 8:51,58,15.78,27,546,0,SUCCESS
SYNC_JOB_238,2/23/2026 20:13,51,15.26,15,645,5,FAILURE
LOAD_JOB_149,3/13/2026 23:59,41,5.05,6,838,0,SUCCESS
IMPORT_JOB_132,2/22/2026 18:12,40,8.7,19,153,4,SUCCESS
ETL_JOB_311,1/30/2026 18:00,23,3.11,25,500,0,SUCCESS
IMPORT_JOB_166,3/1/2026 2:54,53,5.65,1,644,1,SUCCESS
FILE_JOB_438,3/6/2026 12:57,38,5.63,26,355,3,FAILURE
IMPORT_JOB_90,1/19/2026 10:37,34,11.27,21,865,2,FAILURE
IMPORT_JOB_14,3/13/2026 5:53,69,13.59,21,633,0,FAILURE
BATCH_JOB_327,2/5/2026 3:50,83,1.79,16,88,2,SUCCESS
EXPORT_JOB_277,3/15/2026 4:13,30,6.89,7,89,3,FAILURE
FILE_JOB_59,2/19/2026 3:03,53,15.24,29,195,2,FAILURE
LOAD_JOB_247,3/22/2026 15:46,36,11.61,5,451,5,SUCCESS
EXPORT_JOB_63,3/14/2026 14:25,32,1.81,30,339,3,SUCCESS
ETL_JOB_482,3/5/2026 4:23,72,14.01,30,298,5,SUCCESS
LOAD_JOB_241,1/29/2026 18:56,34,2.3,28,870,5,SUCCESS
BATCH_JOB_338,2/11/2026 18:55,21,11.55,13,604,0,SUCCESS
ETL_JOB_270,2/1/2026 7:31,54,7.64,28,637,4,FAILURE
FILE_JOB_81,3/17/2026 16:26,73,9.13,24,353,5,SUCCESS
FILE_JOB_389,3/10/2026 16:00,83,13.37,1,801,2,SUCCESS
ETL_JOB_114,1/16/2026 17:48,82,1.68,16,768,1,FAILURE
LOAD_JOB_496,1/16/2026 9:15,57,13.94,27,674,4,FAILURE
FILE_JOB_194,2/5/2026 6:11,24,1.96,25,833,5,FAILURE
LOAD_JOB_289,3/19/2026 19:06,37,7.05,1,724,1,SUCCESS
SYNC_JOB_166,1/30/2026 0:54,31,15.06,9,264,4,FAILURE
BATCH_JOB_332,2/1/2026 10:47,82,8.93,25,473,2,FAILURE
SYNC_JOB_82,1/3/2026 17:06,47,4.4,21,399,5,SUCCESS
IMPORT_JOB_212,1/27/2026 10:22,52,10.03,18,208,0,SUCCESS
SYNC_JOB_450,2/2/2026 6:09,30,4.86,9,580,0,FAILURE
IMPORT_JOB_360,2/22/2026 3:43,55,13.6,16,523,2,FAILURE
LOAD_JOB_377,1/9/2026 1:42,44,4.32,27,552,4,FAILURE
SYNC_JOB_123,1/13/2026 14:39,21,9.75,20,166,2,FAILURE
EXPORT_JOB_442,3/25/2026 20:38,57,14.25,3,370,2,SUCCESS
ETL_JOB_138,3/31/2026 0:10,39,12.64,23,70,4,FAILURE
ETL_JOB_440,2/23/2026 0:45,39,7.7,9,616,3,FAILURE
EXPORT_JOB_222,2/11/2026 10:24,66,3.57,11,300,5,SUCCESS
IMPORT_JOB_486,3/11/2026 19:30,77,4.66,10,162,3,SUCCESS
EXPORT_JOB_499,3/24/2026 21:54,23,12.05,6,172,4,FAILURE
EXPORT_JOB_313,2/11/2026 6:32,89,4.04,28,196,3,FAILURE
SYNC_JOB_41,3/14/2026 1:28,42,10.5,26,429,4,SUCCESS
IMPORT_JOB_234,1/14/2026 5:58,51,5.79,24,723,1,FAILURE
LOAD_JOB_113,1/18/2026 6:53,86,13.09,25,795,2,FAILURE
FILE_JOB_272,2/21/2026 19:17,95,15.46,10,255,5,SUCCESS
IMPORT_JOB_499,3/4/2026 5:49,59,7.98,21,429,3,FAILURE
BATCH_JOB_126,1/6/2026 6:27,32,13.85,25,860,4,FAILURE
FILE_JOB_316,1/6/2026 13:56,60,9.26,27,587,2,FAILURE
BATCH_JOB_48,1/20/2026 22:04,88,11.53,19,580,3,SUCCESS
REPORT_JOB_96,3/31/2026 1:17,69,6.33,27,482,0,SUCCESS
SYNC_JOB_125,2/14/2026 11:17,68,13.81,16,154,1,SUCCESS
SYNC_JOB_165,1/19/2026 18:05,77,15.9,1,746,3,FAILURE
LOAD_JOB_135,3/12/2026 6:22,26,5.62,23,859,4,FAILURE
SYNC_JOB_91,2/1/2026 18:27,71,14.46,13,257,0,SUCCESS
FILE_JOB_319,1/14/2026 2:02,64,12.94,23,790,1,FAILURE
EXPORT_JOB_192,3/26/2026 4:27,23,4.72,14,76,3,FAILURE
SYNC_JOB_65,2/19/2026 18:07,78,11.52,29,54,0,FAILURE
ETL_JOB_499,3/24/2026 0:25,51,12.62,24,311,4,SUCCESS
BATCH_JOB_212,2/2/2026 5:01,54,11.73,14,847,1,FAILURE
BATCH_JOB_143,1/22/2026 7:38,49,4.92,29,80,3,SUCCESS
SYNC_JOB_480,2/6/2026 14:24,25,2.61,28,281,5,SUCCESS
LOAD_JOB_376,1/27/2026 22:08,69,1.26,19,134,5,FAILURE
FILE_JOB_221,2/13/2026 10:26,79,3.32,16,684,2,FAILURE
EXPORT_JOB_50,3/1/2026 21:16,39,6.63,3,369,5,FAILURE
EXPORT_JOB_207,2/18/2026 16:46,88,10.15,29,244,5,FAILURE
REPORT_JOB_104,2/3/2026 9:26,74,2.57,8,835,5,FAILURE
EXPORT_JOB_405,1/5/2026 15:26,91,12.4,9,303,1,FAILURE
LOAD_JOB_198,3/4/2026 13:18,56,2.02,28,458,1,SUCCESS
BATCH_JOB_357,2/25/2026 14:33,26,2.37,11,759,4,SUCCESS
EXPORT_JOB_190,2/15/2026 15:30,24,8.06,25,521,2,FAILURE
REPORT_JOB_256,3/11/2026 15:13,47,8.9,3,698,3,FAILURE
EXPORT_JOB_338,2/1/2026 23:58,72,8.99,18,534,1,SUCCESS
IMPORT_JOB_328,1/4/2026 12:53,88,10.93,30,634,5,FAILURE
REPORT_JOB_75,2/27/2026 5:56,29,15.33,7,747,3,FAILURE
SYNC_JOB_322,1/4/2026 10:08,85,9.67,19,415,3,SUCCESS
BATCH_JOB_389,3/19/2026 8:00,44,3.35,21,67,5,FAILURE
EXPORT_JOB_364,3/6/2026 13:27,91,5.45,30,428,4,SUCCESS
FILE_JOB_385,3/2/2026 14:02,23,2.27,20,854,1,FAILURE
ETL_JOB_19,1/9/2026 18:55,25,7.44,12,606,1,SUCCESS
ETL_JOB_361,1/13/2026 21:49,43,14.96,15,349,3,SUCCESS
EXPORT_JOB_20,3/30/2026 17:15,68,11.36,6,338,4,FAILURE
FILE_JOB_240,1/12/2026 23:44,79,1.13,2,45,4,FAILURE
SYNC_JOB_101,2/12/2026 4:16,56,2.53,30,682,1,FAILURE
SYNC_JOB_224,1/22/2026 22:02,21,2.39,26,153,0,SUCCESS
FILE_JOB_172,3/25/2026 15:26,73,4.21,10,598,4,SUCCESS
IMPORT_JOB_16,2/24/2026 6:56,70,4.62,30,645,5,SUCCESS
REPORT_JOB_500,1/10/2026 1:11,25,1.46,29,389,0,FAILURE
IMPORT_JOB_147,2/25/2026 12:10,94,13.19,20,145,2,FAILURE
LOAD_JOB_352,3/11/2026 10:39,34,14.33,16,397,3,FAILURE
SYNC_JOB_81,1/10/2026 1:05,87,1.8,17,168,4,FAILURE
LOAD_JOB_27,1/18/2026 5:21,37,7.95,19,77,1,SUCCESS
BATCH_JOB_291,2/28/2026 18:29,54,9.05,17,567,4,FAILURE
EXPORT_JOB_205,3/8/2026 18:27,24,12.46,19,237,0,SUCCESS
REPORT_JOB_4,3/12/2026 14:50,69,5.25,12,194,1,SUCCESS
LOAD_JOB_56,2/10/2026 22:28,88,6.91,17,504,2,SUCCESS
SYNC_JOB_286,1/8/2026 16:00,67,2.03,24,105,1,FAILURE
IMPORT_JOB_177,1/5/2026 19:19,44,4.42,20,69,0,SUCCESS
EXPORT_JOB_450,2/23/2026 21:55,69,14.55,30,65,3,SUCCESS
LOAD_JOB_344,1/10/2026 9:16,90,3.49,13,551,3,FAILURE
EXPORT_JOB_66,1/5/2026 8:39,43,8.84,15,624,1,FAILURE
SYNC_JOB_181,1/23/2026 17:21,39,7.16,13,474,0,SUCCESS
IMPORT_JOB_299,1/6/2026 22:19,52,8.77,24,475,3,SUCCESS
SYNC_JOB_341,3/2/2026 16:45,25,4.73,9,605,4,SUCCESS
EXPORT_JOB_171,1/6/2026 6:01,90,14.57,2,522,5,FAILURE
ETL_JOB_123,3/30/2026 4:30,55,1.52,23,321,2,SUCCESS
REPORT_JOB_310,3/1/2026 19:21,57,10.34,21,240,3,SUCCESS
FILE_JOB_406,1/8/2026 17:43,32,3.51,25,846,3,FAILURE
BATCH_JOB_34,1/25/2026 19:17,21,14.31,25,170,5,SUCCESS
FILE_JOB_496,1/29/2026 6:28,39,6.74,17,612,5,FAILURE
FILE_JOB_390,1/20/2026 23:16,40,4.04,29,770,3,FAILURE
EXPORT_JOB_349,2/23/2026 6:50,39,10.77,8,829,2,SUCCESS
REPORT_JOB_399,1/18/2026 23:22,84,1.02,26,851,0,FAILURE
LOAD_JOB_284,2/27/2026 7:03,79,10.87,6,389,5,SUCCESS
IMPORT_JOB_355,2/18/2026 5:59,43,15.05,11,222,1,SUCCESS
LOAD_JOB_468,2/7/2026 4:09,32,3.64,14,460,5,FAILURE
EXPORT_JOB_240,1/5/2026 22:57,50,8.97,14,81,3,FAILURE
EXPORT_JOB_222,1/30/2026 12:37,79,11.35,11,272,5,SUCCESS
IMPORT_JOB_384,2/12/2026 6:48,89,5.55,23,883,5,FAILURE
ETL_JOB_2,3/5/2026 13:38,70,5.73,18,500,3,FAILURE
EXPORT_JOB_142,1/24/2026 2:28,47,2.98,18,491,0,FAILURE
LOAD_JOB_314,1/24/2026 17:59,48,10.1,22,486,3,FAILURE
BATCH_JOB_186,2/2/2026 11:39,51,11.32,16,214,3,FAILURE
SYNC_JOB_277,1/4/2026 6:32,44,11.79,3,115,1,SUCCESS
EXPORT_JOB_493,2/23/2026 10:31,32,3.51,2,615,1,SUCCESS
IMPORT_JOB_382,1/24/2026 9:00,83,2.77,10,530,5,FAILURE
EXPORT_JOB_27,3/7/2026 0:50,81,11.75,29,359,1,FAILURE
IMPORT_JOB_238,1/6/2026 9:54,61,2.67,20,441,2,SUCCESS
IMPORT_JOB_124,3/12/2026 13:04,95,5.72,5,308,5,SUCCESS
BATCH_JOB_74,1/22/2026 2:04,21,14.66,2,359,3,FAILURE
SYNC_JOB_244,2/24/2026 12:42,38,10.81,20,246,5,FAILURE
IMPORT_JOB_198,2/9/2026 8:03,23,4.06,16,538,4,FAILURE
SYNC_JOB_426,2/5/2026 15:42,68,9.29,22,442,1,FAILURE
FILE_JOB_430,1/10/2026 12:00,20,14.33,13,287,2,FAILURE
FILE_JOB_422,1/16/2026 12:37,59,8.51,23,900,0,FAILURE
REPORT_JOB_495,2/1/2026 23:54,40,6.4,16,307,1,FAILURE
LOAD_JOB_226,2/27/2026 18:57,27,7.66,23,192,3,FAILURE
EXPORT_JOB_382,3/17/2026 0:35,84,6.65,1,682,0,SUCCESS
FILE_JOB_214,1/7/2026 2:11,62,6.59,4,527,3,FAILURE
REPORT_JOB_462,2/7/2026 4:59,81,2.3,8,316,2,SUCCESS
EXPORT_JOB_193,2/8/2026 3:09,80,15.9,19,528,3,FAILURE
BATCH_JOB_115,2/1/2026 2:41,51,1.81,19,525,0,SUCCESS
ETL_JOB_378,3/22/2026 15:41,60,12.73,4,58,3,SUCCESS
EXPORT_JOB_422,3/20/2026 10:31,69,3.5,27,537,1,SUCCESS
LOAD_JOB_455,2/28/2026 12:53,39,11.16,20,312,1,FAILURE
EXPORT_JOB_328,1/18/2026 16:12,88,3.4,10,708,1,SUCCESS
FILE_JOB_277,1/17/2026 2:46,78,5,3,531,4,FAILURE
LOAD_JOB_34,2/9/2026 21:10,30,13.01,30,543,5,FAILURE
ETL_JOB_464,2/13/2026 14:14,67,8.13,25,708,1,FAILURE
ETL_JOB_149,1/12/2026 2:27,33,2.98,10,516,2,SUCCESS
SYNC_JOB_351,3/24/2026 0:01,30,5.27,23,341,4,FAILURE
EXPORT_JOB_495,3/15/2026 19:30,78,13.59,1,731,4,FAILURE
FILE_JOB_87,3/24/2026 3:15,93,6.24,12,202,5,FAILURE
SYNC_JOB_264,2/7/2026 17:09,49,7.92,9,592,3,FAILURE
SYNC_JOB_46,1/25/2026 18:49,49,10.46,28,459,2,FAILURE
SYNC_JOB_116,3/25/2026 3:00,29,15.15,15,104,1,SUCCESS
LOAD_JOB_254,2/5/2026 12:21,46,10.86,16,224,3,FAILURE
EXPORT_JOB_160,2/27/2026 21:08,76,14.28,7,531,5,SUCCESS
SYNC_JOB_67,3/30/2026 2:04,74,5.46,6,863,0,SUCCESS
FILE_JOB_409,2/9/2026 4:15,82,3.38,2,32,4,SUCCESS
LOAD_JOB_324,3/7/2026 11:28,40,7.76,10,652,2,SUCCESS
REPORT_JOB_28,2/5/2026 16:19,28,11.97,18,390,3,FAILURE
SYNC_JOB_57,2/20/2026 12:52,30,6.91,26,39,5,SUCCESS
LOAD_JOB_330,3/3/2026 4:18,26,6.55,5,150,3,SUCCESS
IMPORT_JOB_439,2/5/2026 19:21,92,8.79,11,576,0,FAILURE
SYNC_JOB_348,2/16/2026 12:21,30,2.3,0,774,2,SUCCESS
IMPORT_JOB_410,3/16/2026 18:35,20,10.46,6,478,2,SUCCESS
LOAD_JOB_92,1/16/2026 8:35,49,12.94,11,689,0,FAILURE
REPORT_JOB_131,1/5/2026 14:34,33,2.75,28,764,1,FAILURE
REPORT_JOB_379,2/24/2026 6:00,93,1.22,5,107,2,SUCCESS
LOAD_JOB_377,3/16/2026 5:23,64,8.65,24,675,0,FAILURE
LOAD_JOB_65,3/10/2026 16:59,87,12.66,29,364,2,FAILURE
FILE_JOB_452,2/9/2026 13:24,30,14.3,16,358,0,FAILURE
FILE_JOB_357,1/9/2026 10:29,25,4.88,26,829,3,FAILURE
ETL_JOB_454,1/16/2026 14:18,79,15.91,10,285,4,FAILURE
EXPORT_JOB_327,2/7/2026 14:12,30,9.96,23,100,1,FAILURE
REPORT_JOB_439,1/4/2026 10:10,56,14.75,5,336,0,SUCCESS
LOAD_JOB_171,3/29/2026 22:37,59,5.69,16,636,5,SUCCESS
LOAD_JOB_456,1/8/2026 16:54,40,10.98,27,92,2,FAILURE
SYNC_JOB_377,3/8/2026 11:01,29,12.41,7,71,1,SUCCESS
REPORT_JOB_331,3/25/2026 15:36,40,2.18,19,560,4,FAILURE
IMPORT_JOB_362,1/26/2026 2:54,81,5.83,19,160,3,SUCCESS
SYNC_JOB_141,3/6/2026 23:51,33,7.63,30,363,5,FAILURE
LOAD_JOB_202,3/4/2026 19:58,49,10.96,9,53,4,SUCCESS
SYNC_JOB_390,2/4/2026 8:12,35,3.23,11,127,1,SUCCESS
ETL_JOB_442,2/6/2026 17:10,83,11.44,19,726,4,FAILURE
REPORT_JOB_298,3/25/2026 1:16,49,1.84,6,310,2,SUCCESS
SYNC_JOB_118,3/10/2026 1:18,52,9.18,11,667,5,FAILURE
LOAD_JOB_427,3/16/2026 2:37,26,3.74,26,373,2,SUCCESS
REPORT_JOB_382,3/7/2026 18:08,94,5.72,28,869,0,FAILURE
FILE_JOB_466,2/24/2026 10:54,26,12.66,17,332,3,FAILURE
IMPORT_JOB_167,1/20/2026 23:50,86,12.93,22,545,2,FAILURE
ETL_JOB_228,3/24/2026 23:33,47,2.01,9,62,2,SUCCESS
LOAD_JOB_417,2/2/2026 22:34,51,6.59,13,748,2,SUCCESS
LOAD_JOB_174,1/21/2026 19:38,38,3.84,24,413,3,SUCCESS
IMPORT_JOB_367,3/19/2026 7:26,22,10.7,8,116,3,SUCCESS
LOAD_JOB_259,3/27/2026 5:41,45,6.6,9,466,5,FAILURE
BATCH_JOB_493,3/14/2026 4:51,69,4.11,9,289,3,SUCCESS
SYNC_JOB_432,3/3/2026 5:12,43,2.89,19,131,3,SUCCESS
REPORT_JOB_298,3/6/2026 9:58,40,2.19,8,173,2,SUCCESS
